Title,Date
"The Dark Knight Rises","26/12/2019"
"The Dark Knight : le chevalier noir","26/12/2019"
"You: Saison 2: Nouveau départ","26/12/2019"
"The Witcher: Saison 1: Bien plus","25/12/2019"
"The Witcher: Saison 1: Avant la chute","25/12/2019"
"The Witcher: Saison 1: Espèces rares","25/12/2019"
"The Witcher: Saison 1: Désirs inassouvis","25/12/2019"
"The Witcher: Saison 1: Des banquets, des bâtards et des obsèques","24/12/2019"
"The Witcher: Saison 1: Lune de trahison","24/12/2019"
"The Witcher: Saison 1: Quatre marks","23/12/2019"
"The Witcher: Saison 1: Le début de la fin","22/12/2019"
"Mortel: Saison 1: Un Mec Toxique","21/12/2019"
"Snowden","20/12/2019"
"Dans le cerveau de Bill Gates: Mini-série: Partie 3","20/12/2019"
"Dans le cerveau de Bill Gates: Mini-série: Partie 2","20/12/2019"
"Dans le cerveau de Bill Gates: Mini-série: Partie 1","20/12/2019"
"6 Underground","19/12/2019"
"The Blair Witch Project","19/12/2019"
"Mortel: Saison 1: Mise à Nudes","14/12/2019"
"South Park: Saison 20: Club V.I Baies","13/12/2019"
"South Park: Saison 20: Oh, punaise !","13/12/2019"
"South Park: Saison 20: Fort Collins","13/12/2019"
"Mortel: Saison 1: Flammes. Flammes. Flammes.","13/12/2019"
"Mortel: Saison 1: Archi Dead","12/12/2019"
"Final Space: Saison 1: Chapitre dix","12/12/2019"
"Final Space: Saison 1: Chapitre neuf","12/12/2019"
"South Park: Saison 20: Une pâtisserie pour les Danois","12/12/2019"
"South Park: Saison 20: Les zizis sont de sortie","11/12/2019"
"South Park: Saison 20: Les âmes perdues","11/12/2019"
"South Park: Saison 20: Chasse aux garces","11/12/2019"
"South Park: Saison 20: Rappel-baies","11/12/2019"
"South Park: Saison 19: Le jugement final de Principal PC","11/12/2019"
"The Story of God with Morgan Freeman: Saison 1: Qui est Dieu ?","09/12/2019"
"The Story of God with Morgan Freeman: Saison 1: La Genèse","09/12/2019"
"South Park: Saison 19: La vérité sur les publicités","08/12/2019"
"South Park: Saison 19: Contenu de marque","08/12/2019"
"The Irishman","08/12/2019"
"South Park: Saison 19: Les méchants ninjas","07/12/2019"
"South Park: Saison 19: Tweek et Craig","07/12/2019"
"South Park: Saison 19: Dans ma bulle","07/12/2019"
"South Park: Saison 19: On n'accepte pas les critiques","07/12/2019"
"South Park: Saison 19: Une ville idéale","07/12/2019"
"South Park: Saison 19: Où est passé mon pays ?","07/12/2019"
"V Wars: Saison 1: Tombés malades","07/12/2019"
"South Park: Saison 19: Magnifique et courageuse","07/12/2019"
"Final Space: Saison 1: Chapitre huit","06/12/2019"
"South Park: Saison 16: Chupaquhébreux","04/12/2019"
"South Park: Saison 16: Nibarding","04/12/2019"
"South Park: Saison 16: Bijoux de famille","04/12/2019"
"Final Space: Saison 1: Chapitre sept","04/12/2019"
"Final Space: Saison 1: Chapitre six","04/12/2019"
"Final Space: Saison 1: Chapitre cinq","03/12/2019"
"Final Space: Saison 1: Chapitre quatre","02/12/2019"
"Final Space: Saison 1: Chapitre trois","02/12/2019"
"Final Space: Saison 1: Chapitre deux","01/12/2019"
"Final Space: Saison 1: Chapitre un","01/12/2019"
"The Story of God with Morgan Freeman: Saison 1: La fin des temps","29/11/2019"
"Daybreak: Saison 1: 5318008","29/11/2019"
"The Story of God with Morgan Freeman: Saison 1: La vie après la mort","28/11/2019"
"MINDHUNTER: Saison 2: Épisode 9","28/11/2019"
"MINDHUNTER: Saison 2: Épisode 8","28/11/2019"
"MINDHUNTER: Saison 2: Épisode 7","27/11/2019"
"MINDHUNTER: Saison 2: Épisode 6","26/11/2019"
"MINDHUNTER: Saison 2: Épisode 5","21/11/2019"
"MINDHUNTER: Saison 2: Épisode 4","20/11/2019"
"MINDHUNTER: Saison 2: Épisode 3","20/11/2019"
"MINDHUNTER: Saison 2: Épisode 2","19/11/2019"
"MINDHUNTER: Saison 2: Épisode 1","19/11/2019"
"MINDHUNTER: Saison 1: Épisode 10","19/11/2019"
"MINDHUNTER: Saison 1: Épisode 9","18/11/2019"
"MINDHUNTER: Saison 1: Épisode 8","18/11/2019"
"MINDHUNTER: Saison 1: Épisode 7","18/11/2019"
"War Dogs","18/11/2019"
"MINDHUNTER: Saison 1: Épisode 6","17/11/2019"
"MINDHUNTER: Saison 1: Épisode 5","15/11/2019"
"MINDHUNTER: Saison 1: Épisode 4","15/11/2019"
"MINDHUNTER: Saison 1: Épisode 3","14/11/2019"
"MINDHUNTER: Saison 1: Épisode 2","14/11/2019"
"MINDHUNTER: Saison 1: Épisode 1","14/11/2019"
"The Nice Guys","13/11/2019"
"Archer: Saison 2: Perdus sur un pipeline","13/11/2019"
"The End of the F***ing World: Saison 2: Épisode 7","12/11/2019"
"The End of the F***ing World: Saison 2: Épisode 6","12/11/2019"
"The Big Lebowski","11/11/2019"
"BoJack Horseman: Saison 6: Un coup vite fait","11/11/2019"
"BoJack Horseman: Saison 6: L'emblème de la dépression","11/11/2019"
"BoJack Horseman: Saison 6: Beaucoup de bruit pour rein","11/11/2019"
"BoJack Horseman: Saison 6: Ce n'est pas tout à fait droit...","11/11/2019"
"BoJack Horseman: Saison 6: Surprise !","10/11/2019"
"BoJack Horseman: Saison 6: Une histoire qui fait du bien","10/11/2019"
"BoJack Horseman: Saison 6: Le nouveau client","10/11/2019"
"BoJack Horseman: Saison 6: Un cheval en désintox","10/11/2019"
"Suicide Squad","10/11/2019"
"The End of the F***ing World: Saison 2: Épisode 5","10/11/2019"
"The End of the F***ing World: Saison 2: Épisode 4","06/11/2019"
"The End of the F***ing World: Saison 2: Épisode 3","06/11/2019"
"The End of the F***ing World: Saison 2: Épisode 2","06/11/2019"
"The End of the F***ing World: Saison 2: Épisode 1","06/11/2019"
"Daybreak: Saison 1: Le bal du lycée 2.0","03/11/2019"
"Daybreak: Saison 1: Mmmm-hmmm","01/11/2019"
"Daybreak: Saison 1: La reine du slime de Glendale","01/11/2019"
"Batman Begins","30/10/2019"
"Daybreak: Saison 1: Foutage de gueule","28/10/2019"
"Daybreak: Saison 1: Josh face à l'Apocalypse","28/10/2019"
"The End of the F***ing World: Saison 1: Épisode 8","23/10/2019"
"The End of the F***ing World: Saison 1: Épisode 7","23/10/2019"
"The End of the F***ing World: Saison 1: Épisode 6","23/10/2019"
"The End of the F***ing World: Saison 1: Épisode 5","23/10/2019"
"The End of the F***ing World: Saison 1: Épisode 4","23/10/2019"
"The Good Place: Saison 1: Tout va bien","23/10/2019"
"The End of the F***ing World: Saison 1: Épisode 3","22/10/2019"
"The End of the F***ing World: Saison 1: Épisode 2","22/10/2019"
"The End of the F***ing World: Saison 1: Épisode 1","22/10/2019"
"Dead to Me: Saison 1: Peut-être que je suis cinglée","21/10/2019"
"Dead to Me: Saison 1: Pilote","21/10/2019"
"Living with Yourself: Saison 1: Ce fut un plaisir","20/10/2019"
"Living with Yourself: Saison 1: Piña colada","20/10/2019"
"Living with Yourself: Saison 1: Voisins et amis","20/10/2019"
"Living with Yourself: Saison 1: Va Bene","20/10/2019"
"Living with Yourself: Saison 1: Âme sœur","20/10/2019"
"Living with Yourself: Saison 1: Thé vert","20/10/2019"
"Living with Yourself: Saison 1: Fabriqué dans une zone commerciale","19/10/2019"
"Living with Yourself: Saison 1: Un meilleur vous","19/10/2019"
"Désenchantée: Partie 2: La princesse électrique","18/10/2019"
"Désenchantée: Partie 2: La première jeune première","18/10/2019"
"Désenchantée: Partie 2: L'étreinte gluante de l'amour","15/10/2019"
"Peaky Blinders: Saison 1: Épisode 1","14/10/2019"
"Désenchantée: Partie 2: L'arnaque Dreamland","13/10/2019"
"Big Mouth: Saison 3: Harcèlement : la comédie musicale !","11/10/2019"
"Big Mouth: Saison 3: Super Mouth","09/10/2019"
"Big Mouth: Saison 3: À fond les cachetons","08/10/2019"
"Big Mouth: Saison 3: Les notes de désirabilité","08/10/2019"
"Big Mouth: Saison 3: Duke","07/10/2019"
"Big Mouth: Saison 3: Comment avoir un orgasme","07/10/2019"
"Big Mouth: Saison 3: Bienvenue en Floride","06/10/2019"
"Big Mouth: Saison 3: Obsédé grave","06/10/2019"
"Big Mouth: Saison 3: Un téléphone nommé...","06/10/2019"
"Big Mouth: Saison 3: Les filles aussi voient rouge","04/10/2019"
"Big Mouth: Saison 3: Une Saint-Valentin au poil","04/10/2019"
"Désenchantée: Partie 2: Nos corps, nos elfes","04/10/2019"
"Désenchantée: Partie 2: Le cœur solitaire est un chasseur","03/10/2019"
"South Park: Saison 16: Chiottes mortelles","02/10/2019"
"South Park: Saison 15: Pudding royal","02/10/2019"
"South Park: Saison 15: HumancentiPad","28/09/2019"
"Désenchantée: Partie 2: Le rêve","26/09/2019"
"Désenchantée: Partie 2: La descente aux enfers","26/09/2019"
"Désenchantée: Partie 2: La désenchanteresse","21/09/2019"
"Family Guy: Saison 16: Dieu est amour","21/09/2019"
"Family Guy: Saison 16: L'amputation","19/09/2019"
"Family Guy: Saison 16: HTTPeter","19/09/2019"
"Family Guy: Saison 16: L'étrange échange","17/09/2019"
"Family Guy: Saison 16: La rétrospective","17/09/2019"
"Family Guy: Saison 16: Les enfoirés de Wall Street","17/09/2019"
"Maniac: Mini-série: T'as eu ta dose aujourd'hui","17/09/2019"
"Archer: Saison 10: L'invité surprise","17/09/2019"
"Family Guy: Saison 16: Le vétéran","17/09/2019"
"Marianne: Saison 1: Tu les rêves","13/09/2019"
"Family Guy: Saison 16: V comme mystère","12/09/2019"
"Family Guy: Saison 16: Faites donc entrer Stewie","11/09/2019"
"Family Guy: Saison 16: Comme chien et ours","11/09/2019"
"Family Guy: Saison 16: Chienne de vie","10/09/2019"
"Family Guy: Saison 16: Les esprits de Noël","10/09/2019"
"Family Guy: Saison 16: Meg-a-cuite","09/09/2019"
"Family Guy: Saison 16: Peter 4","09/09/2019"
"Family Guy: Saison 16: L'appartement 23","09/09/2019"
"Family Guy: Saison 16: Les trois réalisateurs","09/09/2019"
"Family Guy: Saison 16: Suivez l'argent","07/09/2019"
"Family Guy: Saison 16: La nounou surprise","07/09/2019"
"Family Guy: Saison 16: Le loup dans la camaraderie","07/09/2019"
"The A List: Saison 1: Reprendre le contrôle","07/09/2019"
"The A List: Saison 1: La voilà enfin","07/09/2019"
"Family Guy: Saison 16: L'épisode spécial Emmy","06/09/2019"
"La Grande Classe","06/09/2019"
"Stranger Things: Chapitre Un : La disparition de Will Byers","30/08/2019"
"Stranger Things: Chapitre Deux : La barjot de Maple Street","30/08/2019"
"13 Reasons Why: Saison 3: Je suis la nouvelle","30/08/2019"
"Falling Inn Love","30/08/2019"
"La casa de papel: Partie 3: La dérive","30/08/2019"
"La casa de papel: Partie 3: Petites vacances","30/08/2019"
"La casa de papel: Partie 3: Plus rien n'avait d'importance","30/08/2019"
"La casa de papel: Partie 3: Boum, boum, ciao","28/08/2019"
"La casa de papel: Partie 3: L'heure du dauphin","28/08/2019"
"La casa de papel: Partie 3: 48 mètres sous terre","28/08/2019"
"La casa de papel: Partie 3: Aïkido","28/08/2019"
"La casa de papel: Partie 3: On est de retour","27/08/2019"
"La casa de papel: Partie 2: Épisode 9","27/08/2019"
"La casa de papel: Partie 2: Épisode 8","27/08/2019"
"La casa de papel: Partie 2: Épisode 7","04/08/2019"
"La casa de papel: Partie 2: Épisode 6","04/08/2019"
"La casa de papel: Partie 2: Épisode 5","03/08/2019"
"La casa de papel: Partie 2: Épisode 4","02/08/2019"
"Nos vies après eux","02/08/2019"
"La casa de papel: Partie 2: Épisode 3","30/07/2019"
"La casa de papel: Partie 2: Épisode 2","29/07/2019"
"La casa de papel: Partie 2: Épisode 1","29/07/2019"
"La casa de papel: Partie 1: Épisode 13","27/07/2019"
"La casa de papel: Partie 1: Épisode 12","25/07/2019"
"La casa de papel: Partie 1: Épisode 11","25/07/2019"
"La casa de papel: Partie 1: Épisode 10","25/07/2019"
"La casa de papel: Partie 1: Épisode 9","24/07/2019"
"La casa de papel: Partie 1: Épisode 8","23/07/2019"
"La casa de papel: Partie 1: Épisode 7","23/07/2019"
"La casa de papel: Partie 1: Épisode 6","22/07/2019"
"La casa de papel: Partie 1: Épisode 5","22/07/2019"
"La casa de papel: Partie 1: Épisode 4","22/07/2019"
"La casa de papel: Partie 1: Épisode 3","21/07/2019"
"La casa de papel: Partie 1: Épisode 2","21/07/2019"
"The Big Bang Theory: Saison 1: La nouvelle voisine des surdoués","21/07/2019"
"La casa de papel: Partie 1: Épisode 1","21/07/2019"
"Sept vies","19/07/2019"
"Obsession secrète","18/07/2019"
"Maniac: Mini-série: Les moulins à vent","12/07/2019"
"Maniac: Mini-série: L'élu !","12/07/2019"
"Agents très spéciaux : Code U.N.C.L.E.","09/07/2019"
"Happy!: Saison 1: Sourire Gagnant","07/07/2019"
"Happy!: Saison 1: Pervers Noël","06/07/2019"
"Arrested Development: Saison 5: Répercussions","04/07/2019"
"Arrested Development: Saison 5: Droit à la catastrophe","04/07/2019"
"Arrested Development: Saison 5: Le jour du jugement","04/07/2019"
"Very Bad Cops","03/07/2019"
"Arrested Development: Saison 5: Le seul, l'unique","02/07/2019"
"Arrested Development: Saison 5: Échec et mat","02/07/2019"
"Shaft","02/07/2019"
"Arrested Development: Saison 5: Migration en chaîne","02/07/2019"
"Arrested Development: Saison 5: Les faiseurs de goûts","01/07/2019"
"Arrested Development: Saison 5: Une compagnie inattendue","01/07/2019"
"Quelqu'un de bien","30/06/2019"
"Arrested Development: Saison 5: Indépendance prématurée","28/06/2019"
"Salt","28/06/2019"
"Arrested Development: Saison 5: Trauma romantique","28/06/2019"
"Arrested Development: Saison 5: Bagage émotionnel","27/06/2019"
"Arrested Development: Saison 5: Mauvais présage","27/06/2019"
"Arrested Development: Saison 5: Un vieux départ","27/06/2019"
"Arrested Development: Saison 5: Atrophie pour tous","27/06/2019"
"Arrested Development: Saison 5: Autodéportation","26/06/2019"
"Arrested Development: Saison 5: Congé familial","25/06/2019"
"Arrested Development: Remix Saison 4 : Conséquences fatidiques: Cinco de Cuatro, partie 3","25/06/2019"
"Arrested Development: Remix Saison 4 : Conséquences fatidiques: Cinco de Cuatro, partie 2","25/06/2019"
"Arrested Development: Remix Saison 4 : Conséquences fatidiques: Cinco de Cuatro, partie 1","25/06/2019"
"Arrested Development: Remix Saison 4 : Conséquences fatidiques: Les nouveaux voisins","25/06/2019"
"Arrested Development: Remix Saison 4 : Conséquences fatidiques: Les uns contre les autres","25/06/2019"
"Arrested Development: Remix Saison 4 : Conséquences fatidiques: Rencard à quatre","25/06/2019"
"Arrested Development: Remix Saison 4 : Conséquences fatidiques: Messages contradictoires","25/06/2019"
"Arrested Development: Remix Saison 4 : Conséquences fatidiques: Un nouveau toit","25/06/2019"
"Arrested Development: Remix Saison 4 : Conséquences fatidiques: Qui sème le vent...","25/06/2019"
"Arrested Development: Remix Saison 4 : Conséquences fatidiques: Un léger détail","24/06/2019"
"Arrested Development: Remix Saison 4 : Conséquences fatidiques: Images animées","24/06/2019"
"Arrested Development: Remix Saison 4 : Conséquences fatidiques: Sacrée soirée","24/06/2019"
"Arrested Development: Remix Saison 4 : Conséquences fatidiques: Rêves récurrents","23/06/2019"
"Arrested Development: Remix Saison 4 : Conséquences fatidiques: Merveilles modernes","23/06/2019"
"Arrested Development: Remix Saison 4 : Conséquences fatidiques: Les faibles se rebellent","23/06/2019"
"Arrested Development: Remix Saison 4 : Conséquences fatidiques: Un degré de séparation","22/06/2019"
"Arrested Development: Remix Saison 4 : Conséquences fatidiques: Pièges parentaux","22/06/2019"
"Arrested Development: Remix Saison 4 : Conséquences fatidiques: Le procès","22/06/2019"
"Arrested Development: Remix Saison 4 : Conséquences fatidiques: Les déserteurs","22/06/2019"
"Arrested Development: Remix Saison 4 : Conséquences fatidiques: Nouveaux départs","22/06/2019"
"Arrested Development: Remix Saison 4 : Conséquences fatidiques: L'âge adulte","22/06/2019"
"Arrested Development: Remix Saison 4 : Conséquences fatidiques: Capitaine Bluth","21/06/2019"
"Arrested Development: Saison 3: Le secret","21/06/2019"
"Arrested Development: Saison 3: Le voyage en Iraq","21/06/2019"
"Arrested Development: Saison 3: Ma soeur","21/06/2019"
"Arrested Development: Saison 3: Le mariage","21/06/2019"
"Arrested Development: Saison 3: Le dîner","21/06/2019"
"Arrested Development: Saison 3: Chirurgie esthétique","20/06/2019"
"Arrested Development: Saison 3: La prison","20/06/2019"
"Arrested Development: Saison 3: Lève-toi et marche","20/06/2019"
"Arrested Development: Saison 3: Le tunnel du grand amour","20/06/2019"
"Arrested Development: Saison 3: Beauté intérieure","20/06/2019"
"Arrested Development: Saison 3: Sans famille","19/06/2019"
"Arrested Development: Saison 3: L'oiseau libre","19/06/2019"
"Arrested Development: Saison 3: La cabane","19/06/2019"
"Arrested Development: Saison 2: Les frères vertueux","19/06/2019"
"Arrested Development: Saison 2: Scandale à la une","19/06/2019"
"Arrested Development: Saison 2: Anniversaire de mariage","19/06/2019"
"Arrested Development: Saison 2: Le sabre du destin","19/06/2019"
"Arrested Development: Saison 2: L'élection","19/06/2019"
"Arrested Development: Saison 2: Fils et mamans","19/06/2019"
"Arrested Development: Saison 2: La main de Buster","18/06/2019"
"Arrested Development: Saison 2: Enquête sur une grossesse","18/06/2019"
"Arrested Development: Saison 2: Oncle Jack","18/06/2019"
"Arrested Development: Saison 2: Les enchères","18/06/2019"
"Arrested Development: Saison 2: Achats à gogo","18/06/2019"
"Arrested Development: Saison 2: Buster part à la guerre","17/06/2019"
"Arrested Development: Saison 2: Joyeux Noël","17/06/2019"
"Arrested Development: Saison 2: Armes de destruction massive","17/06/2019"
"Sex Friends","17/06/2019"
"Arrested Development: Saison 2: Le revenant","17/06/2019"
"Arrested Development: Saison 2: Jim Parmesan","17/06/2019"
"Arrested Development: Saison 2: Solide comme le roc","17/06/2019"
"Arrested Development: Saison 2: Le voyage à Phoenix","17/06/2019"
"Arrested Development: Saison 1: Le secret de papa","16/06/2019"
"Arrested Development: Saison 1: Au travail","16/06/2019"
"Arrested Development: Saison 1: L'arnaque","16/06/2019"
"Arrested Development: Saison 1: Manipulation","16/06/2019"
"Arrested Development: Saison 1: Kitty est licenciée","16/06/2019"
"Arrested Development: Saison 1: La justice est aveugle","16/06/2019"
"Arrested Development: Saison 1: La déclaration","15/06/2019"
"Arrested Development: Saison 1: Salariés fantômes","15/06/2019"
"Arrested Development: Saison 1: Adoption","15/06/2019"
"Arrested Development: Saison 1: Tous au tribunal","15/06/2019"
"Arrested Development: Saison 1: Cousine ou pas cousine","15/06/2019"
"Arrested Development: Saison 1: Changement d'image","15/06/2019"
"Arrested Development: Saison 1: Flagrant délit","15/06/2019"
"Arrested Development: Saison 1: Le tour de magie","15/06/2019"
"Arrested Development: Saison 1: Amnésie","14/06/2019"
"Arrested Development: Saison 1: La trêve des confiseurs","14/06/2019"
"Arrested Development: Saison 1: Affaires conjugales","14/06/2019"
"Arrested Development: Saison 1: La surenchère","13/06/2019"
"Arrested Development: Saison 1: Les grandes décisions","13/06/2019"
"Arrested Development: Saison 1: Père et fils","13/06/2019"
"Arrested Development: Saison 1: Escroquerie à l'assurance","12/06/2019"
"Arrested Development: Saison 1: L'esprit de famille","12/06/2019"
"Prison School: Saison 1: Opération voyeurisme !","11/06/2019"
"Brooklyn Nine-Nine: Saison 5: Jake et Amy","11/06/2019"
"Brooklyn Nine-Nine: Saison 5: Une dernière ligne droite","11/06/2019"
"Brooklyn Nine-Nine: Saison 5: Une journée d'angoisse","11/06/2019"
"Brooklyn Nine-Nine: Saison 5: Bachelor-ette","11/06/2019"
"Brooklyn Nine-Nine: Saison 5: L'incendie criminel","11/06/2019"
"Brooklyn Nine-Nine: Saison 5: La demi-sœur de Jake","11/06/2019"
"Brooklyn Nine-Nine: Saison 5: NutriBoom","11/06/2019"
"Brooklyn Nine-Nine: Saison 5: Énigmes à gogo","10/06/2019"
"Brooklyn Nine-Nine: Saison 5: Garde à vue","10/06/2019"
"Brooklyn Nine-Nine: Saison 5: La négociation","10/06/2019"
"Brooklyn Nine-Nine: Saison 5: La planque","10/06/2019"
"Brooklyn Nine-Nine: Saison 5: Le service","10/06/2019"
"Brooklyn Nine-Nine: Saison 5: Soirée jeux","09/06/2019"
"Brooklyn Nine-Nine: Saison 5: En vadrouille","09/06/2019"
"Brooklyn Nine-Nine: Saison 5: Le retour de Parlov","09/06/2019"
"Brooklyn Nine-Nine: Saison 5: La guerre des clans","09/06/2019"
"Brooklyn Nine-Nine: Saison 5: Le manoir","09/06/2019"
"Brooklyn Nine-Nine: Saison 5: Poker menteur","09/06/2019"
"Brooklyn Nine-Nine: Saison 5: Halloween V","08/06/2019"
"Brooklyn Nine-Nine: Saison 5: Un flan pour deux","08/06/2019"
"Brooklyn Nine-Nine: Saison 5: Derrière les barreaux : Deuxième partie","08/06/2019"
"Brooklyn Nine-Nine: Saison 5: Derrière les barreaux : Première partie","08/06/2019"
"Brooklyn Nine-Nine: Saison 4: Crime et châtiments","08/06/2019"
"Brooklyn Nine-Nine: Saison 4: Tel est pris","08/06/2019"
"Brooklyn Nine-Nine: Saison 4: L'abattoir","07/06/2019"
"Brooklyn Nine-Nine: Saison 4: Votre honneur","07/06/2019"
"Brooklyn Nine-Nine: Saison 4: À la poursuite d'Amy","07/06/2019"
"Brooklyn Nine-Nine: Saison 4: La convention","07/06/2019"
"Brooklyn Nine-Nine: Saison 4: Meuh-Meuh","06/06/2019"
"Black Mirror: Saison 4: Arkange","06/06/2019"
"Brooklyn Nine-Nine: Saison 4: La dernière chevauchée","06/06/2019"
"Brooklyn Nine-Nine: Saison 4: Flics en série","06/06/2019"
"Black Mirror: Saison 5: Rachel, Jack et Ashley Too","06/06/2019"
"Black Mirror: Saison 5: Smithereens","06/06/2019"
"Black Mirror: Saison 5: Striking Vipers","05/06/2019"
"Brooklyn Nine-Nine: Saison 4: L'expert","05/06/2019"
"Brooklyn Nine-Nine: Saison 4: Le fugitif - 2e partie","05/06/2019"
"Brooklyn Nine-Nine: Saison 4: Le fugitif - 1re partie","04/06/2019"
"Brooklyn Nine-Nine: Saison 4: Capitaine Lettonie","04/06/2019"
"Brooklyn Nine-Nine: Saison 4: La surmolition","03/06/2019"
"Brooklyn Nine-Nine: Saison 4: Le cycle du feu céleste","03/06/2019"
"Brooklyn Nine-Nine: Saison 4: Monsieur Santiago","31/05/2019"
"Brooklyn Nine-Nine: Saison 4: Le monstre dans le placard","30/05/2019"
"Brooklyn Nine-Nine: Saison 4: Halloween IV","30/05/2019"
"Archer: Saison 2: Jeu monégasque","30/05/2019"
"Easy: Saison 2: Petits boulots","28/05/2019"
"Easy: Saison 2: Un trip libertin","27/05/2019"
"Easy: Saison 2: Le voleur de colis","27/05/2019"
"Easy: Saison 1: Projets d'avenir","27/05/2019"
"Easy: Saison 1: Solitude","27/05/2019"
"Easy: Saison 1: Utopia","26/05/2019"
"Easy: Saison 1: Une histoire de vie","26/05/2019"
"Easy: Saison 1: Canapé-lit","25/05/2019"
"Easy: Saison 1: Une affaire de famille","24/05/2019"
"Easy: Saison 1: Cendrillon est végétalienne","24/05/2019"
"Easy: Saison 1: Mariés, deux enfants","24/05/2019"
"La défense Lincoln","23/05/2019"
"Extremely Wicked, Shockingly Evil and Vile","23/05/2019"
"Enemy","22/05/2019"
"Serenity","21/05/2019"
"Archer: Saison 2: El Secuestro","21/05/2019"
"Archer: Saison 2: Effet placebo","21/05/2019"
"Archer: Saison 2: Stade deux","21/05/2019"
"Archer: Saison 2: Quelle comédienne !","15/05/2019"
"Archer: Saison 2: L'affaire à l'envers","10/05/2019"
"Archer: Saison 2: La tontine à tonton","10/05/2019"
"Archer: Saison 2: Test sanguin","09/05/2019"
"Archer: Saison 2: ODIN se fait l'ISIS","02/05/2019"
"Archer: Saison 2: La petite Suisse","02/05/2019"
"Archer: Saison 1: Le mal de mère","02/05/2019"
"Archer: Saison 1: Promotion canapé","02/05/2019"
"Archer: Saison 1: Syndic d'espionnage","01/05/2019"
"Archer: Saison 1: Titanic dans le ciel","01/05/2019"
"Archer: Saison 1: Skorpio","30/04/2019"
"Archer: Saison 1: Opération séduction","29/04/2019"
"Brooklyn Nine-Nine: Saison 4: Horaires de nuit","25/04/2019"
"Love, Death & Robots: Volume 1: L'AVANTAGE DE SONNIE","25/04/2019"
"Archer: Saison 1: Dîner meurtrier","25/04/2019"
"Archer: Saison 1: Quota ethnique","24/04/2019"
"Avengers : L'ère d'Ultron","24/04/2019"
"Birdman","18/04/2019"
"You vs. Wild: Saison 1: Opération sauvetage en pleine jungle, 1re partie","18/04/2019"
"You vs. Wild: Saison 1: La légende de la mine perdue","18/04/2019"
"You vs. Wild: Saison 1: Terre de dragons","18/04/2019"
"You vs. Wild: Saison 1: Les trois venins, 2e partie","12/04/2019"
"You vs. Wild: Saison 1: Les trois venins, 1re partie","12/04/2019"
"You vs. Wild: Saison 1: Perdu en haute montagne","12/04/2019"
"You vs. Wild: Saison 1: Sur les traces de Dana","12/04/2019"
"You vs. Wild: Saison 1: Opération sauvetage en pleine jungle, 2e partie","12/04/2019"
"The Silence","10/04/2019"
"Brooklyn Nine-Nine: Saison 4: Coral Palms - 3e partie","09/04/2019"
"Brooklyn Nine-Nine: Saison 4: Coral Palms - 2e partie","09/04/2019"
"Brooklyn Nine-Nine: Saison 4: Coral Palms - 1re partie","06/04/2019"
"Brooklyn Nine-Nine: Saison 3: Greg et Larry","05/04/2019"
"Brooklyn Nine-Nine: Saison 3: La case du FBI","05/04/2019"
"Brooklyn Nine-Nine: Saison 3: Sous les verrous","04/04/2019"
"Brooklyn Nine-Nine: Saison 3: Paranoïa","03/04/2019"
"Brooklyn Nine-Nine: Saison 3: Les chatons de Terry","03/04/2019"
"Brooklyn Nine-Nine: Saison 3: Cheddar","02/04/2019"
"Brooklyn Nine-Nine: Saison 3: Adrian Pimento","01/04/2019"
"Brooklyn Nine-Nine: Saison 3: Rats de bureau","01/04/2019"
"Brooklyn Nine-Nine: Saison 3: Commissariat d'accueil","01/04/2019"
"Brooklyn Nine-Nine: Saison 3: Karen Peralta","31/03/2019"
"Brooklyn Nine-Nine: Saison 3: La croisière","30/03/2019"
"Brooklyn Nine-Nine: Saison 3: 9 jours","29/03/2019"
"Brooklyn Nine-Nine: Saison 3: Prise d'otage","29/03/2019"
"Brooklyn Nine-Nine: Saison 3: Yippie Kayak","29/03/2019"
"Brooklyn Nine-Nine: Saison 3: Les Suédois","29/03/2019"
"Brooklyn Nine-Nine: Saison 3: Ava","29/03/2019"
"Brooklyn Nine-Nine: Saison 3: Le matelas","28/03/2019"
"Brooklyn Nine-Nine: Saison 3: Classe verte","28/03/2019"
"Brooklyn Nine-Nine: Saison 3: Halloween III","28/03/2019"
"Brooklyn Nine-Nine: Saison 3: Le tueur au sachet de thé","27/03/2019"
"Brooklyn Nine-Nine: Saison 3: L'intuition de Boyle","27/03/2019"
"Brooklyn Nine-Nine: Saison 3: L'enterrement","26/03/2019"
"Brooklyn Nine-Nine: Saison 3: Le nouveau capitaine","26/03/2019"
"Brooklyn Nine-Nine: Saison 2: Johnny et Dora","26/03/2019"
"Brooklyn Nine-Nine: Saison 2: L'hélico","26/03/2019"
"Brooklyn Nine-Nine: Saison 2: Lieutenant Dave Majors","26/03/2019"
"Brooklyn Nine-Nine: Saison 2: AC/DC","26/03/2019"
"Brooklyn Nine-Nine: Saison 2: Sabotage","26/03/2019"
"Brooklyn Nine-Nine: Saison 2: Capitaine Peralta","26/03/2019"
"Brooklyn Nine-Nine: Saison 2: Le mariage de Boyle-Linetti","26/03/2019"
"Brooklyn Nine-Nine: Saison 2: L'incident du mercredi","26/03/2019"
"Brooklyn Nine-Nine: Saison 2: Ennemis pour la vie","26/03/2019"
"Brooklyn Nine-Nine: Saison 2: En pause","26/03/2019"
"Brooklyn Nine-Nine: Saison 2: Le remboursement","26/03/2019"
"Brooklyn Nine-Nine: Saison 2: Week-end de folie","25/03/2019"
"Brooklyn Nine-Nine: Saison 2: La planque","25/03/2019"
"Brooklyn Nine-Nine: Saison 2: Le retour du voleur de Pontiac","25/03/2019"
"Brooklyn Nine-Nine: Saison 2: Soirée rupture","25/03/2019"
"Brooklyn Nine-Nine: Saison 2: Timbré !","25/03/2019"
"Brooklyn Nine-Nine: Saison 2: En quarantaine","25/03/2019"
"Brooklyn Nine-Nine: Saison 2: Jake et Sophia","24/03/2019"
"Brooklyn Nine-Nine: Saison 2: La taupe","24/03/2019"
"Brooklyn Nine-Nine: Saison 2: Halloween, le retour","24/03/2019"
"Brooklyn Nine-Nine: Saison 2: Le championnat Jimmy Jab","24/03/2019"
"Brooklyn Nine-Nine: Saison 2: La vasectomie","24/03/2019"
"Brooklyn Nine-Nine: Saison 2: En infiltration","24/03/2019"
"Brooklyn Nine-Nine: Saison 1: Présumé coupable","24/03/2019"
"Brooklyn Nine-Nine: Saison 1: L’insoluble","24/03/2019"
"Brooklyn Nine-Nine: Saison 1: Le marié sophistiqué","24/03/2019"
"Brooklyn Nine-Nine: Saison 1: Le centre d’entraînement","24/03/2019"
"Brooklyn Nine-Nine: Saison 1: L’appart'","24/03/2019"
"Brooklyn Nine-Nine: Saison 1: En mode sur-Boyle","24/03/2019"
"Brooklyn Nine-Nine: Saison 1: La fête d’anniversaire","24/03/2019"
"Brooklyn Nine-Nine: Saison 1: Opération Plume brisée","24/03/2019"
"Brooklyn Nine-Nine: Saison 1: Le faucon d’ébène","24/03/2019"
"Brooklyn Nine-Nine: Saison 1: Le pari","23/03/2019"
"Brooklyn Nine-Nine: Saison 1: Le voleur de Pontiac","23/03/2019"
"Brooklyn Nine-Nine: Saison 1: Le garde du corps","23/03/2019"
"Antoine Griezmann : Champion Du Monde","23/03/2019"
"Brooklyn Nine-Nine: Saison 1: Thanksgiving","23/03/2019"
"Brooklyn Nine-Nine: Saison 1: Sal's Pizza","23/03/2019"
"Brooklyn Nine-Nine: Saison 1: Flics à l’ancienne","23/03/2019"
"Brooklyn Nine-Nine: Saison 1: 48 heures","23/03/2019"
"Brooklyn Nine-Nine: Saison 1: Halloween","23/03/2019"
"Brooklyn Nine-Nine: Saison 1: Le vautour","23/03/2019"
"Brooklyn Nine-Nine: Saison 1: Premier en second","23/03/2019"
"Brooklyn Nine-Nine: Saison 1: Ça rame, ça rame !","23/03/2019"
"Brooklyn Nine-Nine: Saison 1: Le tagueur","23/03/2019"
"Brooklyn Nine-Nine: Saison 1: Le nouveau capitaine","22/03/2019"
"Archer: Saison 1: Entraînement intensif","22/03/2019"
"Frangins malgré eux","22/03/2019"
"Archer: Saison 1: Trouver la taupe","22/03/2019"
"You: Saison 1: Le château de Barbe bleue","19/03/2019"
"You: Saison 1: Candace","19/03/2019"
"You: Saison 1: Tout à toi","19/03/2019"
"You: Saison 1: Toulation, nom féminin","19/03/2019"
"You: Saison 1: L'amour fou","19/03/2019"
"You: Saison 1: Vivre avec l'ennemi","18/03/2019"
"You: Saison 1: Le capitaine","18/03/2019"
"You: Saison 1: Peut-être","18/03/2019"
"You: Saison 1: Le dernier chic type de New York","18/03/2019"
"You: Saison 1: Pilote","18/03/2019"
"Bird Box","17/03/2019"
"Archer: Saison 9: À deux doigts de conclure","15/03/2019"
"Archer: Saison 9: Nazis contre cannibales","15/03/2019"
"Archer: Saison 9: Le festin des nus","15/03/2019"
"Archer: Saison 9: Sables émouvants","15/03/2019"
"Archer: Saison 9: Ziegler","15/03/2019"
"Archer: Saison 9: Cloués au sol","15/03/2019"
"Archer: Saison 9: Quinze centimètres","15/03/2019"
"Archer: Saison 9: La ferme, le piaf !","15/03/2019"
"Isn't It Romantic","13/03/2019"
"Breaking Bad: Saison 5: Revenir et mourir","08/03/2019"
"Breaking Bad: Saison 5: L'origine du mal","08/03/2019"
"Breaking Bad: Saison 5: Seul au monde","08/03/2019"
"Breaking Bad: Saison 5: Règlement de compte à To’hajiilee","01/03/2019"
"Breaking Bad: Saison 5: Comme un chien enragé","28/02/2019"
"Harry Potter et la Coupe de feu","27/02/2019"
"Breaking Bad: Saison 5: Confessions","27/02/2019"
"Breaking Bad: Saison 5: Enterré","26/02/2019"
"Breaking Bad: Saison 5: Le prix du sang","26/02/2019"
"Breaking Bad: Saison 5: Un nouveau jour se lève","25/02/2019"
"Marvel's The Punisher: Saison 1: Kandahar","23/02/2019"
"Watchmen : les gardiens","23/02/2019"
"Velvet Buzzsaw","23/02/2019"
"Breaking Bad: Saison 5: Heisenberg","15/02/2019"
"Breaking Bad: Saison 5: Divergence","14/02/2019"
"Breaking Bad: Saison 5: Un plan presque parfait","13/02/2019"
"Breaking Bad: Saison 5: Cinquante et un","13/02/2019"
"Breaking Bad: Saison 5: Nouveaux labos","13/02/2019"
"Breaking Bad: Saison 5: Madrigal","12/02/2019"
"Breaking Bad: Saison 5: Vivre libre ou mourir","12/02/2019"
"Breaking Bad: Saison 4: Mat","12/02/2019"
"Breaking Bad: Saison 4: Échec","12/02/2019"
"Breaking Bad: Saison 4: Seul contre tous","11/02/2019"
"Breaking Bad: Saison 4: Salud","07/02/2019"
"Breaking Bad: Saison 4: Incontrôlables","06/02/2019"
"Breaking Bad: Saison 4: Frères et partenaires","05/02/2019"
"Breaking Bad: Saison 4: Négociations","05/02/2019"
"Breaking Bad: Saison 4: Guerre froide","05/02/2019"
"Breaking Bad: Saison 4: Nouveau job","04/02/2019"
"Breaking Bad: Saison 4: Les points importants","04/02/2019"
"Breaking Bad: Saison 4: Motivations","04/02/2019"
"Breaking Bad: Saison 4: Snub 38","04/02/2019"
"Breaking Bad: Saison 4: Le cutter","03/02/2019"
"Breaking Bad: Saison 3: Pleine mesure","03/02/2019"
"Breaking Bad: Saison 3: Demi-mesures","03/02/2019"
"Breaking Bad: Saison 3: Société écran","03/02/2019"
"Breaking Bad: Saison 3: La mouche","03/02/2019"
"Breaking Bad: Saison 3: Kafkaïen","03/02/2019"
"Breaking Bad: Saison 3: Prise de pouvoir","02/02/2019"
"Breaking Bad: Saison 3: Vendetta","02/02/2019"
"Breaking Bad: Saison 3: Le camping-car","02/02/2019"
"Breaking Bad: Saison 3: Retour aux affaires","02/02/2019"
"Breaking Bad: Saison 3: Chiens et chats","02/02/2019"
"Breaking Bad: Saison 3: Sur le fil","02/02/2019"
"Breaking Bad: Saison 3: Tensions","02/02/2019"
"Breaking Bad: Saison 3: Crash","02/02/2019"
"Breaking Bad: Saison 2: Effet papillon","01/02/2019"
"Breaking Bad: Saison 2: Vie et mort","01/02/2019"
"Breaking Bad: Saison 2: Nouvelle donne","01/02/2019"
"Breaking Bad: Saison 2: Introspection","01/02/2019"
"Breaking Bad: Saison 2: Seuls au monde","31/01/2019"
"Breaking Bad: Saison 2: Appelez donc Saul","31/01/2019"
"Breaking Bad: Saison 2: Poisson lune","31/01/2019"
"Breaking Bad: Saison 2: Règlements de comptes","31/01/2019"
"Breaking Bad: Saison 2: Nouveau départ","31/01/2019"
"Breaking Bad: Saison 2: Au fond du gouffre","31/01/2019"
"Breaking Bad: Saison 2: Alibi","31/01/2019"
"Breaking Bad: Saison 2: Chasse à l'homme","31/01/2019"
"Breaking Bad: Saison 2: Traqués","30/01/2019"
"Breaking Bad: Saison 1: Le fruit défendu","30/01/2019"
"Breaking Bad: Saison 1: Bluff","30/01/2019"
"Breaking Bad: Saison 1: Vivre ou survivre","30/01/2019"
"Breaking Bad: Saison 1: Retour aux sources","30/01/2019"
"Breaking Bad: Saison 1: Dérapage","29/01/2019"
"Breaking Bad: Saison 1: Le choix","29/01/2019"
"Breaking Bad: Saison 1: Chute libre","29/01/2019"
"Marvel's The Punisher: Saison 1: Deux hommes morts","24/01/2019"
"Marvel's The Punisher: Saison 1: 3 heures du matin","24/01/2019"
"Playboy à saisir","22/01/2019"
"Sense8: Saison 1: Je ne peux pas l'abandonner","15/01/2019"
"Comment se faire larguer en 10 leçons","05/01/2019"
"Black Mirror: Bandersnatch","04/01/2019"
"Prison Break: Saison 4: La dernière évasion","04/01/2019"
"Prison Break: Saison 4: Vers la liberté","04/01/2019"
"Prison Break: Saison 4: Le choix de Michael","03/01/2019"
"Prison Break: Saison 4: L'effet domino","03/01/2019"
"Prison Break: Saison 4: Fils de...","03/01/2019"
"Prison Break: Saison 4: Les frères ennemis","03/01/2019"
"Prison Break: Saison 4: Les liens du sang","03/01/2019"
"Prison Break: Saison 4: Mésalliance","03/01/2019"
"Prison Break: Saison 4: Les apparences sont trompeuses","02/01/2019"
"Prison Break: Saison 4: L'offre et la demande","02/01/2019"
"Prison Break: Saison 4: Le mieux est de fuir...","02/01/2019"
"Interstellar","28/12/2018"
"Mr. Nobody","27/12/2018"
"Bodyguard: Saison 1: Épisode 6","26/12/2018"
"Bodyguard: Saison 1: Épisode 5","26/12/2018"
"Teen Titans Go!: Saison 2: Adorables monstres / Mains de bébé","26/12/2018"
"Bodyguard: Saison 1: Épisode 4","26/12/2018"
"Bodyguard: Saison 1: Épisode 3","25/12/2018"
"Bodyguard: Saison 1: Épisode 2","25/12/2018"
"Bodyguard: Saison 1: Épisode 1","24/12/2018"
"Dix pour cent: Saison 3: ASK","23/12/2018"
"Dix pour cent: Saison 3: Béatrice","23/12/2018"
"Dix pour cent: Saison 3: Isabelle","22/12/2018"
"Dix pour cent: Saison 3: Gérard","21/12/2018"
"Dix pour cent: Saison 3: Monica","21/12/2018"
"Dix pour cent: Saison 3: Jean","19/12/2018"
"Dix pour cent: Saison 2: Juliette","19/12/2018"
"Dix pour cent: Saison 2: Guy","18/12/2018"
"Dix pour cent: Saison 2: Isabelle","18/12/2018"
"Dix pour cent: Saison 2: Norman","17/12/2018"
"Dix pour cent: Saison 2: Fabrice Luchini","17/12/2018"
"Dix pour cent: Saison 2: Virginie et Ramzy","17/12/2018"
"Dix pour cent: Saison 1: François","16/12/2018"
"Dix pour cent: Saison 1: Julie et Joey","16/12/2018"
"Dix pour cent: Saison 1: Audrey","15/12/2018"
"Dix pour cent: Saison 1: Nathalie et Laura","15/12/2018"
"Dix pour cent: Saison 1: Line et Françoise","14/12/2018"
"Dix pour cent: Saison 1: Cécile","14/12/2018"
"F is for Family: Saison 3: La folle escapade de Bill Murphy","14/12/2018"
"F is for Family: Saison 3: Avec Frank dans le rôle du père","14/12/2018"
"F is for Family: Saison 3: Il a ça dans le sang","13/12/2018"
"F is for Family: Saison 3: Les vacances d’été","12/12/2018"
"F is for Family: Saison 3: Un dernier coup pour la route","11/12/2018"
"F is for Family: Saison 3: La bataille des sexes","11/12/2018"
"F is for Family: Saison 3: Le voyage fantastique de Mr Murphy","10/12/2018"
"F is for Family: Saison 3: Une gaule d'enfer","10/12/2018"
"F is for Family: Saison 3: L'Académie des 9","05/12/2018"
"F is for Family: Saison 3: Prêts pour un super été ?","05/12/2018"
"Prison Break: Saison 4: L'esprit d'équipe","25/11/2018"
"Prison Break: Saison 4: Les aigles et les anges","25/11/2018"
"Adventure Time: Saison 1: Son héros","23/11/2018"
"Adventure Time: Saison 1: Le tord-boyaux","23/11/2018"
"Adventure Time: Saison 1: Jake a une imagination débordante","23/11/2018"
"Adventure Time: Saison 1: Qu'est-ce que tu as fait ?","23/11/2018"
"Adventure Time: Saison 1: Le donjon","23/11/2018"
"Adventure Time: Saison 1: Le larbin","23/11/2018"
"Adventure Time: Saison 1: Donny","23/11/2018"
"Adventure Time: Saison 1: Le duc de la noix","21/11/2018"
"Adventure Time: Saison 1: La cité des monstres","21/11/2018"
"Adventure Time: Saison 1: Les noces de glace","21/11/2018"
"Adventure Time: Saison 1: Un océan terrifiant","21/11/2018"
"Adventure Time: Saison 1: Donner la vie","21/11/2018"
"Adventure Time: Saison 1: Le jardin de la sorcière","21/11/2018"
"Adventure Time: Saison 1: La cité des voleurs","21/11/2018"
"Adventure Time: Saison 1: Délogés","21/11/2018"
"Adventure Time: Saison 1: Les magiciens","21/11/2018"
"Adventure Time: Saison 1: Le bébé qui avait fait boum boum...","20/11/2018"
"Adventure Time: Saison 1: Les deux personnes que je préfère","19/11/2018"
"Adventure Time: Saison 1: Au travail !","19/11/2018"
"Adventure Time: Saison 1: Ricardio, homme de cœur","19/11/2018"
"Adventure Time: Saison 1: La trompe","19/11/2018"
"Adventure Time: Saison 1: Les prisonnières de l'amour","15/11/2018"
"Adventure Time: Saison 1: Le culbuto","15/11/2018"
"Adventure Time: Saison 1: Le grimoire","15/11/2018"
"Adventure Time: Saison 1: Morsures et boursouflures !","14/11/2018"
"Adventure Time: Saison 1: Une soirée mortelle !","14/11/2018"
"Teen Titans Go!: Saison 2: J'adore les retraités / Le savoir","08/11/2018"
"Paradise Police: Partie 1: L'esprit de Noël","08/11/2018"
"Paradise Police: Partie 1: Mission réconciliation","07/11/2018"
"Paradise Police: Partie 1: L'unité spéciale","07/11/2018"
"Paradise Police: Partie 1: L'école de police","06/11/2018"
"Family Guy: Saison 15: La déportation","06/11/2018"
"Family Guy: Saison 15: La semence","06/11/2018"
"Family Guy: Saison 15: Le proviseur improvisé","06/11/2018"
"Family Guy: Saison 15: La fugue","05/11/2018"
"Family Guy: Saison 15: Le gros tas","04/11/2018"
"Family Guy: Saison 15: Le flic et la commotion","04/11/2018"
"Family Guy: Saison 15: L'appli de rencontre","04/11/2018"
"Jackass - Le Film","04/11/2018"
"The Dictator","03/11/2018"
"Prison Break: Saison 4: À bout de souffle","03/11/2018"
"Prison Break: Saison 4: ...En Scylla","03/11/2018"
"Prison Break: Saison 4: De Charybde…","31/10/2018"
"Prison Break: Saison 3: Vengeance","31/10/2018"
"Prison Break: Saison 3: Contre vents et marées","31/10/2018"
"Prison Break: Saison 3: 30 secondes","31/10/2018"
"Prison Break: Saison 3: Régner ou mourir","30/10/2018"
"Prison Break: Saison 3: Contre-pouvoir","30/10/2018"
"Family Guy: Saison 15: Le quartet trouble-fête","26/10/2018"
"Family Guy: Saison 15: La cohabitation","26/10/2018"
"Family Guy: Saison 15: Le Gronk et les abeilles","25/10/2018"
"Family Guy: Saison 15: Détournement aérien","25/10/2018"
"Family Guy: Saison 15: Les imposteurs de Noël","25/10/2018"
"Family Guy: Saison 15: Carter et Tricia","25/10/2018"
"Family Guy: Saison 15: Leçon de littérature","25/10/2018"
"Family Guy: Saison 15: Pour le bien de tous","24/10/2018"
"Family Guy: Saison 15: Le rendez-vous","24/10/2018"
"Family Guy: Saison 15: En coulisses","23/10/2018"
"Family Guy: Saison 15: Le gigolo","23/10/2018"
"Family Guy: Saison 15: Jouer son héritier","23/10/2018"
"Family Guy: Saison 15: Un groupe qui a du chien","23/10/2018"
"Family Guy: Saison 14: Sur la route de l'Inde","22/10/2018"
"Hitman","22/10/2018"
"Family Guy: Saison 14: Cours, Chris, cours","22/10/2018"
"Family Guy: Saison 14: Les nouvelles aventures du bon vieux Tom","22/10/2018"
"Family Guy: Saison 14: La postière","22/10/2018"
"Family Guy: Saison 14: Coup chien","22/10/2018"
"Family Guy: Saison 14: Ce qui se passe au grenier...","21/10/2018"
"Family Guy: Saison 14: La loi Peter","21/10/2018"
"Prison Break: Saison 3: Plus dure sera la chute","21/10/2018"
"Prison Break: Saison 3: Œil pour œil","21/10/2018"
"Family Guy: Saison 14: Chris le castrat","19/10/2018"
"Family Guy: Saison 14: Les dindons de la farce","18/10/2018"
"Baby Boss : les affaires reprennent: Saison 2: Du nouveau dans les couches","18/10/2018"
"Family Guy: Saison 14: Kid Kodak","18/10/2018"
"Family Guy: Saison 14: Viens t'en à la maison","18/10/2018"
"Big Mouth: Saison 2: Le département de la puberté","17/10/2018"
"BoJack Horseman: Saison 5: Série annulée","16/10/2018"
"BoJack Horseman: Saison 5: Série en péril","16/10/2018"
"BoJack Horseman: Saison 5: La tête dans les nuages","16/10/2018"
"BoJack Horseman: Saison 5: De l'histoire ancienne","16/10/2018"
"BoJack Horseman: Saison 5: Les petites amies de Peanutbutter","16/10/2018"
"BoJack Horseman: Saison 5: INT. SOUS","16/10/2018"
"College Attitude","15/10/2018"
"BoJack Horseman: Saison 5: Le churro gratuit","13/10/2018"
"BoJack Horseman: Saison 5: L'histoire d'Amelia Earhart","13/10/2018"
"BoJack Horseman: Saison 5: BoJack féministe","12/10/2018"
"BoJack Horseman: Saison 5: Obsolescence programmée","12/10/2018"
"BoJack Horseman: Saison 5: Un été de chien","12/10/2018"
"Big Mouth: Saison 2: Bécoter ou partager !","10/10/2018"
"Big Mouth: Saison 2: Éclipse de nichon","10/10/2018"
"Big Mouth: Saison 2: Mec Ville","10/10/2018"
"Big Mouth: Saison 2: Bad trip","09/10/2018"
"Big Mouth: Saison 2: Pleins feux sur le planning familial","09/10/2018"
"Big Mouth: Saison 2: Steve le puceau","09/10/2018"
"Big Mouth: Saison 2: Le Sorcier de la honte","08/10/2018"
"BoJack Horseman: Saison 5: La scène de l'ampoule","07/10/2018"
"Big Mouth: Saison 2: La fièvre du nichon","07/10/2018"
"Big Mouth: Saison 2: Suis-je normal ?","07/10/2018"
"Prison Break: Saison 3: Le dernier combat","07/10/2018"
"Prison Break: Saison 3: Chacun pour soi","07/10/2018"
"Insatiable: Saison 1: La disparition","05/10/2018"
"Archer: Saison 8: Un doigt suffira","05/10/2018"
"Insatiable: Saison 1: Les gagnantes gagnent","04/10/2018"
"Insatiable: Saison 1: Banane cœur banane","04/10/2018"
"Insatiable: Saison 1: Méchante Kitty","04/10/2018"
"Insatiable: Saison 1: Wieners et losers","03/10/2018"
"Insatiable: Saison 1: Miss Magic Jesus","01/10/2018"
"Insatiable: Saison 1: Baptême et donut","01/10/2018"
"Paradise Police: Partie 1: La famille Jabowski","30/09/2018"
"Paradise Police: Partie 1: Un rituel satanique","30/09/2018"
"Paradise Police: Partie 1: Karla","30/09/2018"
"Paradise Police: Partie 1: Blue Lives Matter","30/09/2018"
"Archer: Saison 8: Enregistrée sous X","29/09/2018"
"Archer: Saison 8: Berenice","29/09/2018"
"Désenchantée: Partie 1: La chute de Dreamland","28/09/2018"
"Désenchantée: Partie 1: In Elfo Veritas","28/09/2018"
"Archer: Saison 8: Le mort dans l'âme","27/09/2018"
"Archer: Saison 7: Velours mortel - 2e partie","27/09/2018"
"Archer: Saison 7: Velours mortel - 1re partie","27/09/2018"
"Insatiable: Saison 1: Bikinis et pétasses","27/09/2018"
"Insatiable: Saison 1: La société bénévole des mères qui travaillent","26/09/2018"
"Désenchantée: Partie 1: Les limites de l'immortalité","26/09/2018"
"Désenchantée: Partie 1: La tendre fureur de l'amour","26/09/2018"
"Désenchantée: Partie 1: Ambassadrice d'un tas de fange","26/09/2018"
"Désenchantée: Partie 1: Permis de tous les occire","26/09/2018"
"Désenchantée: Partie 1: Massacre au château","26/09/2018"
"Désenchantée: Partie 1: La princesse des ténèbres","26/09/2018"
"Archer: Saison 7: Déjeuner liquide","25/09/2018"
"Archer: Saison 7: Doublement indécent","25/09/2018"
"Archer: Saison 7: Tenue correcte exigée - 2e partie","25/09/2018"
"Archer: Saison 7: Tenue correcte exigée - 1re partie","25/09/2018"
"Insatiable: Saison 1: Miss Bareback Buckaroo","24/09/2018"
"Insatiable: Saison 1: Être mince, c'est magique","23/09/2018"
"Insatiable: Saison 1: Pilote","23/09/2018"
"Archer: Saison 7: Enfance difficile","21/09/2018"
"Archer: Saison 7: L'école des coups durs","21/09/2018"
"Archer: Saison 7: Après le bip","21/09/2018"
"Family Guy: Saison 14: Tirer dans le noir","20/09/2018"
"Family Guy: Saison 14: Dos à Joe","20/09/2018"
"Family Guy: Saison 14: La femme de mon meilleur ami","20/09/2018"
"Family Guy: Saison 14: La sœur de Peter","20/09/2018"
"Family Guy: Saison 14: Peter, Chris et Brian","20/09/2018"
"Family Guy: Saison 14: Activité Peternormale","20/09/2018"
"Family Guy: Saison 14: Amitié robotisée","20/09/2018"
"Family Guy: Saison 14: Le père au fils roulant","20/09/2018"
"Family Guy: Saison 14: La surprise du chef","20/09/2018"
"Family Guy: Saison 13: Thérapie souple","20/09/2018"
"Family Guy: Saison 13: Génération Griffin","20/09/2018"
"Archer: Saison 7: L'agence Figgis","20/09/2018"
"Archer: Saison 6: Loin des yeux, près du cœur - 2e partie","20/09/2018"
"Archer: Saison 6: Loin des yeux, près du cœur  - 1re partie","20/09/2018"
"Archer: Saison 6: Des soucis et des hommes","19/09/2018"
"The World's Most Extraordinary Homes: Saison 2 Partie A: États-Unis","19/09/2018"
"Archer: Saison 6: Remettre le couvert","19/09/2018"
"Archer: Saison 6: Suite royale","19/09/2018"
"Archer: Saison 6: Les Kane","19/09/2018"
"Archer: Saison 6: Danger Zone 51","19/09/2018"
"Archer: Saison 6: Baby-Sitting","19/09/2018"
"Archer: Saison 6: Vision Quest","19/09/2018"
"Teen Titans Go!: Saison 2: Brian / Mère nature","19/09/2018"
"Teen Titans Go!: Saison 2: Pirates / Je te vois","19/09/2018"
"Teen Titans Go!: Saison 2: Monsieur Popotin / Un vrai dur","19/09/2018"
"Teen Titans Go!: Saison 1: C'est magique ! / Le sorcier des pantins","19/09/2018"
"Archer: Saison 6: Le mariage d'Edie","18/09/2018"
"Archer: Saison 6: Devine qui va nous tuer","18/09/2018"
"Archer: Saison 6: Le retour de Conway","18/09/2018"
"Paradise Police: Partie 1: Une histoire de fesses","17/09/2018"
"Paradise Police: Partie 1: Bienvenue à Paradise","17/09/2018"
"Archer: Saison 6: Les planqués","17/09/2018"
"Archer: Saison 5: Arrivée et départ","17/09/2018"
"Archer: Saison 5: Coup d'État","17/09/2018"
"Archer: Saison 5: Vaudeville palatin - 2e partie","17/09/2018"
"Archer: Saison 5: Vaudeville palatin - 1re partie","17/09/2018"
"Archer: Saison 5: Baby Shower","16/09/2018"
"Archer: Saison 5: L'arme à gauche","16/09/2018"
"Archer: Saison 5: Extraction, mode d'emploi","16/09/2018"
"Archer: Saison 5: Le spleen des trafiquants","16/09/2018"
"Archer: Saison 5: Tournée sudiste","16/09/2018"
"Archer: Saison 5: Intervention à domicile","16/09/2018"
"Archer: Saison 5: Une dette d'honneur","15/09/2018"
"La Mort dans la peau","15/09/2018"
"Archer: Saison 5: Le baiser de la mort","15/09/2018"
"Archer: Saison 5: Blancs comme neige","14/09/2018"
"Archer: Saison 4: En eaux troubles - 2e partie","13/09/2018"
"Archer: Saison 4: En eaux troubles - 1re partie","13/09/2018"
"Archer: Saison 4: Habemus Pa-Pam","13/09/2018"
"Archer: Saison 4: Le dogue de Tanger","13/09/2018"
"Archer: Saison 4: Lune de miel","12/09/2018"
"Archer: Saison 4: Coyote Lovely","12/09/2018"
"Archer: Saison 4: Cauchemar en cuisine","12/09/2018"
"Archer: Saison 4: Morsure de rappel","12/09/2018"
"Le paquet","11/09/2018"
"Death Note","11/09/2018"
"Archer: Saison 4: Accouplement vicieux","11/09/2018"
"Archer: Saison 4: Cadillac et camionneurs","11/09/2018"
"Archer: Saison 4: Ça me fait une belle jambe","11/09/2018"
"Archer: Saison 4: Amitié virile","11/09/2018"
"Archer: Saison 4: La fuite en avant","11/09/2018"
"Archer: Saison 3: Les mutins de l'espace - 2e partie","11/09/2018"
"Archer: Saison 3: Les mutins de l'espace - 1re partie","11/09/2018"
"Archer: Saison 3: Renaissance","11/09/2018"
"Archer: Saison 3: Liaisons secrètes","10/09/2018"
"Archer: Saison 3: Agriculture irraisonnée","10/09/2018"
"Archer: Saison 3: Lo Scandalo","09/09/2018"
"Archer: Saison 3: Un cadeau éphémère","09/09/2018"
"Archer: Saison 3: Sur les rails","09/09/2018"
"Archer: Saison 3: El Contador","09/09/2018"
"Prison Break: Saison 3: Le chat et la souris","09/09/2018"
"Prison Break: Saison 3: L'eau et le feu","09/09/2018"
"Prison Break: Saison 3: Survivre","09/09/2018"
"Prison Break: Saison 2: Sona","09/09/2018"
"Archer: Saison 3: L'homme de Jupiter","07/09/2018"
"Prison Break: Saison 2: Panama","07/09/2018"
"Prison Break: Saison 2: Le chantage","07/09/2018"
"Prison Break: Saison 2: Dernière chance","07/09/2018"
"Prison Break: Saison 2: Le péché originel","07/09/2018"
"Archer: Saison 3: Frères de la côte - 3e partie","06/09/2018"
"Archer: Saison 3: Frères de la côte - 2e partie","06/09/2018"
"Archer: Saison 3: Frères de la côte - 1re partie","05/09/2018"
"Archer: Saison 2: On n'aime qu'une fois","05/09/2018"
"Archer: Saison 2: Nuits blanches","05/09/2018"
"The Walking Dead: Saison 7: Le jour viendra où tu ne le seras plus","03/09/2018"
"Prison Break: Saison 2: La fin du voyage","31/08/2018"
"Prison Break: Saison 2: Entre les lignes","30/08/2018"
"Prison Break: Saison 2: Un simple inconnu","30/08/2018"
"Prison Break: Saison 2: Le piège parfait","30/08/2018"
"Prison Break: Saison 2: Si près du but","30/08/2018"
"Black Mirror: Saison 3: Haine virtuelle","30/08/2018"
"Prison Break: Saison 2: Bolshoi Booze","29/08/2018"
"Prison Break: Saison 2: Rendez-vous","29/08/2018"
"Prison Break: Saison 2: Le duel","29/08/2018"
"Prison Break: Saison 2: À la vie, à la mort","29/08/2018"
"Prison Break: Saison 2: Les confessions","29/08/2018"
"Désenchantée: Partie 1: Pour qui grogne le cochon","29/08/2018"
"Désenchantée: Partie 1: Une princesse, un elfe et un démon entrent dans un bar...","20/08/2018"
"Teen Titans Go!: Saison 1: Rêves / La voix de grand-mère","11/07/2018"
"Teen Titans Go!: Saison 1: Blagues de tontons / Les disciples","11/07/2018"
"Teen Titans Go!: Saison 1: Les petits compagnons / Disparus","11/07/2018"
"Teen Titans Go!: Saison 1: Nourriture intellectuelle / Vite fait, bien fait !","11/07/2018"
"Teen Titans Go!: Saison 1: Oiseaux / Joyeuse Saint-Valentin","09/07/2018"
"Prison Break: Saison 2: L'étau se resserre","07/07/2018"
"Prison Break: Saison 2: Plan 1213","06/07/2018"
"Teen Titans Go!: Saison 1: Gaufres / Cyborg et Jinx","06/07/2018"
"13 Reasons Why: Saison 2: Juste une s*** ivre","05/07/2018"
"Teen Titans Go!: Saison 1: Miss Gambette / Paix et amour","21/06/2018"
"Teen Titans Go!: Saison 1: Starfire la redoutable / Deuxième Noël","18/06/2018"
"Teen Titans Go!: Saison 1: Un tigre en cage / Combats de nuit","18/06/2018"
"Teen Titans Go!: Saison 1: Sans pouvoir / Coéquipier","15/06/2018"
"Teen Titans Go!: Saison 1: Fusion de forces / Responsabilités","15/06/2018"
"Teen Titans Go!: Saison 1: Les livres / L'esprit-divan","13/06/2018"
"Teen Titans Go!: Saison 1: Raven nous en fait voir de toutes les couleurs / La jambe gauche","13/06/2018"
"Teen Titans Go!: Saison 1: Hamburger contre burrito / Correspondances","13/06/2018"
"Teen Titans Go!: Saison 1: Terra / Balle au prisonnier","12/06/2018"
"Teen Titans Go!: Saison 1: La fête des boulettes / La réunion du personnel","12/06/2018"
"Teen Titans Go!: Saison 1: Le parasite / Ouh, la menteuse !","12/06/2018"
"Teen Titans Go!: Saison 1: Super Robin / La tour infernale","10/06/2018"
"Teen Titans Go!: Saison 1: Une soirée entre filles / T'es viré !","10/06/2018"
"Teen Titans Go!: Saison 1: Une pizza ? / Le gorille","10/06/2018"
"Teen Titans Go!: Saison 1: Les fantômes / Le grand amour","10/06/2018"
"La série des Qui était... ?: Saison 1: Gandhi et Benjamin Franklin","07/06/2018"
"Teen Titans Go!: Saison 1: Cool Raoul / La grande lessive","07/06/2018"
"Teen Titans Go!: Saison 1: Les doubles / Le rendez-vous","07/06/2018"
"Teen Titans Go!: Saison 1: L'as du volant / Visite démoniaque","06/06/2018"
"Teen Titans Go!: Saison 1: Un sandwich de légende / Le mystère de la tarte","06/06/2018"
"Prison Break: Saison 2: Association de malfaiteurs","05/06/2018"
"Prison Break: Saison 2: L'erreur est humaine","03/06/2018"
"Prison Break: Saison 2: Otis","01/06/2018"
"13 Reasons Why: Saison 2: Deux filles qui s'embrassent","01/06/2018"
"13 Reasons Why: Saison 2: Premier polaroid","31/05/2018"
"The Rain: Saison 1: Restez à l'abri","28/05/2018"
"Prison Break: Saison 2: Chasse à l'homme","28/05/2018"
"Modern Family: Saison 7: Double clic","25/05/2018"
"MythBusters: Saison 4: Confederate Rocket","25/05/2018"
"Modern Family: Saison 7: Quel train de vie !","25/05/2018"
"Modern Family: Saison 7: La promosition","24/05/2018"
"Modern Family: Saison 7: Nom d'un chien !","24/05/2018"
"Modern Family: Saison 7: La fête à la maison","23/05/2018"
"Modern Family: Saison 7: Un jour, j'irai à Paris avec toi","23/05/2018"
"Modern Family: Saison 7: Vilains petits mensonges","22/05/2018"
"Modern Family: Saison 7: Wonder Woman","22/05/2018"
"Modern Family: Saison 7: Frappés par la foudre","22/05/2018"
"Modern Family: Saison 7: C'est qui la patronne ?","22/05/2018"
"Modern Family: Saison 7: Madame tout-va-bien","21/05/2018"
"Modern Family: Saison 7: Volez de vos propres ailes","21/05/2018"
"Modern Family: Saison 7: L'omelette d'anniversaire","18/05/2018"
"Modern Family: Saison 7: Noël sera chaud !","17/05/2018"
"Modern Family: Saison 7: Thérapie de groupe","17/05/2018"
"Modern Family: Saison 7: Phil et la maison sexy","17/05/2018"
"Modern Family: Saison 7: Le titan de l'industrie","17/05/2018"
"Modern Family: Saison 7: Jurés et préjugés","17/05/2018"
"Modern Family: Saison 7: Les œufs de Phil","17/05/2018"
"Modern Family: Saison 7: La vengeance est un placard qui se mange froid","17/05/2018"
"Modern Family: Saison 7: Alex quitte le nid","16/05/2018"
"Modern Family: Saison 7: Amours d'été","16/05/2018"
"Modern Family: Saison 6: Phil, le robot","16/05/2018"
"Modern Family: Saison 6: L'art d'être parents","16/05/2018"
"Modern Family: Saison 6: Les co-majors","16/05/2018"
"Modern Family: Saison 6: Question d'intégrité","16/05/2018"
"Modern Family: Saison 6: Complot entre voisins","16/05/2018"
"Modern Family: Saison 6: Le roi de la fête","16/05/2018"
"Modern Family: Saison 6: Chat échauffé craint la douche froide","15/05/2018"
"Modern Family: Saison 6: Au placard","15/05/2018"
"Modern Family: Saison 6: Claire 2.0","15/05/2018"
"Modern Family: Saison 6: Y a-t-il un Dunphy dans l'avion ?","15/05/2018"
"Modern Family: Saison 6: Les sœurs ennemies","15/05/2018"
"Modern Family: Saison 6: Allergies","14/05/2018"
"Modern Family: Saison 6: Oh ! Le beau bateau","14/05/2018"
"Modern Family: Saison 6: Une journée en enfer","14/05/2018"
"Modern Family: Saison 6: Haley a 21 ans","13/05/2018"
"Modern Family: Saison 6: Strangers in the night","13/05/2018"
"Modern Family: Saison 6: La valse des dindes","13/05/2018"
"Modern Family: Saison 6: Le prof d'espagnol","13/05/2018"
"Modern Family: Saison 6: Super cool land","13/05/2018"
"Modern Family: Saison 6: Nos pires voisins","10/05/2018"
"Modern Family: Saison 6: Camping à l'hôtel","10/05/2018"
"Modern Family: Saison 6: Le patient zéro","10/05/2018"
"Modern Family: Saison 6: Ne pas appuyer","07/05/2018"
"Modern Family: Saison 6: Une lune de miel interminable","06/05/2018"
"Modern Family: Saison 5: Le mariage 2ème partie","06/05/2018"
"Modern Family: Saison 5: Le mariage 1ère partie","06/05/2018"
"Modern Family: Saison 5: Message reçu","06/05/2018"
"Modern Family: Saison 5: Photo de famille","06/05/2018"
"Modern Family: Saison 5: Crocodile Dunphy","06/05/2018"
"Modern Family: Saison 5: L'amour propre","06/05/2018"
"Modern Family: Saison 5: Les petits plaisirs de Las Vegas","05/05/2018"
"Modern Family: Saison 5: Les enfants des autres","05/05/2018"
"Modern Family: Saison 5: Une journée pleine de promesses","05/05/2018"
"Modern Family: Saison 5: Chercher des poux","04/05/2018"
"Modern Family: Saison 5: Espionnage à tous les étages","04/05/2018"
"Modern Family: Saison 5: Trois diners presque parfaits","04/05/2018"
"Modern Family: Saison 5: Les portes ouvertes","04/05/2018"
"Modern Family: Saison 5: L'âge de raison","04/05/2018"
"Modern Family: Saison 5: Mon beau sapin...","04/05/2018"
"Modern Family: Saison 5: Une attitude positive","04/05/2018"
"Ace Ventura en Afrique","02/05/2018"
"Ace Ventura, détective chiens et chats","02/05/2018"
"Mad Men: Saison 3: Qui m'aime me suive","02/05/2018"
"Modern Family: Saison 5: Des squelettes dans le placard","02/05/2018"
"Modern Family: Saison 5: La brigade de la kermesse","02/05/2018"
"Modern Family: Saison 5: Aide à domicile","02/05/2018"
"Modern Family: Saison 5: En retard, en retard…","02/05/2018"
"Modern Family: Saison 5: Le char de gouttière","02/05/2018"
"Modern Family: Saison 5: La femme de Larry","30/04/2018"
"Modern Family: Saison 5: La rentrée pour tous","30/04/2018"
"Modern Family: Saison 5: Soudain, l'été dernier","30/04/2018"
"Modern Family: Saison 4: Adieu, Gracie","30/04/2018"
"Modern Family: Saison 4: L'esprit de compétition","30/04/2018"
"Mad Men: Saison 3: Les grands","25/04/2018"
"Mad Men: Saison 3: La gitane et le clochard","23/04/2018"
"Mad Men: Saison 3: La couleur bleue","23/04/2018"
"Family Guy: Saison 13: Mise en boîte","23/04/2018"
"Mad Men: Saison 3: Un petit matin","20/04/2018"
"Mad Men: Saison 3: L'escapade","20/04/2018"
"Mad Men: Saison 3: 23 juillet","20/04/2018"
"Mad Men: Saison 3: La hache de guerre","19/04/2018"
"Mad Men: Saison 3: Le brouillard","19/04/2018"
"Mad Men: Saison 3: Les préparatifs","19/04/2018"
"Mad Men: Saison 3: My Old Kentucky Home","18/04/2018"
"Family Guy: Saison 13: Des soumis et des pommes","17/04/2018"
"Modern Family: Saison 4: Ma famille, mes héros","17/04/2018"
"Modern Family: Saison 4: La journée des métiers","17/04/2018"
"Mad Men: Saison 3: Love Among the Ruins","17/04/2018"
"Mad Men: Saison 3: Voyage d'affaires","16/04/2018"
"Mad Men: Saison 2: Crise de conscience","16/04/2018"
"Mad Men: Saison 2: Dans l'antre du roi de la montagne","16/04/2018"
"Mad Men: Saison 2: Jet set","16/04/2018"
"Mad Men: Saison 2: Héritage","16/04/2018"
"Mad Men: Saison 2: Cruelle absence","15/04/2018"
"Modern Family: Saison 4: Maison à vendre","15/04/2018"
"Modern Family: Saison 4: Retour vers le futur","14/04/2018"
"Modern Family: Saison 4: Le facteur  coup-de-cœur","14/04/2018"
"Modern Family: Saison 4: La mariodie","14/04/2018"
"Modern Family: Saison 4: Tiré par les cheveux !","14/04/2018"
"Modern Family: Saison 4: Une Saint-Valentin mouvementée","14/04/2018"
"Mad Men: Saison 2: Une soirée inoubliable","13/04/2018"
"Prison Break: Saison 1: Les fugitifs","13/04/2018"
"Prison Break: Saison 1: Le Grand Soir","13/04/2018"
"Mad Men: Saison 2: Le violon d'or","13/04/2018"
"Mad Men: Saison 2: Cherchez la femme","13/04/2018"
"Mad Men: Saison 2: La nouvelle","12/04/2018"
"Mad Men: Saison 2: Comme un dimanche","12/04/2018"
"Prison Break: Saison 1: Sans retour","09/04/2018"
"Modern Family: Saison 4: Le fantôme de l'Opéra","06/04/2018"
"Modern Family: Saison 4: Le parrain","06/04/2018"
"Modern Family: Saison 4: L'invité surprise","06/04/2018"
"Modern Family: Saison 4: Le réveillon du Nouvel an","05/04/2018"
"Modern Family: Saison 4: Une équipe hors du commun","05/04/2018"
"Modern Family: Saison 4: Alexandre le gland","05/04/2018"
"Modern Family: Saison 4: Rencards et déboires","05/04/2018"
"Family Guy: Saison 13: Prise de risques","05/04/2018"
"Mad Men: Saison 2: Diplomatie","05/04/2018"
"Mad Men: Saison 2: Vol 01","05/04/2018"
"Mad Men: Saison 2: Que jeunesse se passe","04/04/2018"
"Mad Men: Saison 1: Carrousel","04/04/2018"
"Mad Men: Saison 1: Nixon vs Kennedy","04/04/2018"
"Mad Men: Saison 1: Indian Summer","03/04/2018"
"Prison Break: Saison 1: La clé","03/04/2018"
"Prison Break: Saison 1: Poker menteur","03/04/2018"
"Mad Men: Saison 1: Le temps d'un week-end","03/04/2018"
"Mad Men: Saison 1: Changement de décor","03/04/2018"
"Mad Men: Saison 1: Langage codé","03/04/2018"
"Mad Men: Saison 1: Sous influence","02/04/2018"
"Mad Men: Saison 1: Babylone","02/04/2018"
"Modern Family: Saison 4: Derrière les barreaux","02/04/2018"
"Modern Family: Saison 4: Vide-grenier","01/04/2018"
"Modern Family: Saison 4: La maison hantée","01/04/2018"
"Modern Family: Saison 4: La fuite du majordome","31/03/2018"
"Modern Family: Saison 4: Tous à l'école","31/03/2018"
"Modern Family: Saison 4: Coupe, coupe !","31/03/2018"
"Modern Family: Saison 4: Un anniversaire inoubliable","31/03/2018"
"Mad Men: Saison 1: Secrets de famille","30/03/2018"
"Mad Men: Saison 1: La ville nous appartient","30/03/2018"
"Mad Men: Saison 1: Le mariage de Figaro","30/03/2018"
"Mad Men: Saison 1: Ce que veulent les femmes","29/03/2018"
"Mad Men: Saison 1: Smoke Gets in Your Eyes","29/03/2018"
"Family Guy: Saison 13: Le chéri de ces dames","29/03/2018"
"Family Guy: Saison 13: Stewhybride","29/03/2018"
"Family Guy: Saison 13: La grande encyclopédie","29/03/2018"
"Family Guy: Saison 13: Mère et fils","28/03/2018"
"Family Guy: Saison 13: Meg prend son pied","28/03/2018"
"Very Bad Dads","27/03/2018"
"Family Guy: Saison 13: Brian n'est pas brillant","27/03/2018"
"Family Guy: Saison 13: Sale temps pour Chris Griffin","27/03/2018"
"Family Guy: Saison 13: 2000 ans, toujours puceau","27/03/2018"
"Family Guy: Saison 13: Les dindons de la garce","27/03/2018"
"Family Guy: Saison 13: Dent pour dent","27/03/2018"
"Prison Break: Saison 1: Dépression","26/03/2018"
"Prison Break: Saison 1: Les blessures de l'âme","26/03/2018"
"Prison Break: Saison 1: In extremis","26/03/2018"
"Prison Break: Saison 1: Comme un rat","23/03/2018"
"Family Guy: Saison 13: Business gâteaux","22/03/2018"
"Family Guy: Saison 13: La course au livre","22/03/2018"
"Family Guy: Saison 13: Les Grifson : 2e partie","22/03/2018"
"Edge of Tomorrow","21/03/2018"
"Family Guy: Saison 13: Les Grifson : 1re partie","21/03/2018"
"Family Guy: Saison 12: À la recherche de Dieu","21/03/2018"
"Family Guy: Saison 12: Stewie file à l'anglaise","21/03/2018"
"Family Guy: Saison 12: Scène de ménage","21/03/2018"
"Prison Break: Saison 1: Au bout du tunnel","18/03/2018"
"Prison Break: Saison 1: Rédemption","18/03/2018"
"Prison Break: Saison 1: Un de trop","18/03/2018"
"Prison Break: Saison 1: Cause perdue","17/03/2018"
"Prison Break: Saison 1: Un homme hors du commun","17/03/2018"
"Family Guy: Saison 12: Chassez le naturel","14/03/2018"
"Family Guy: Saison 12: Noir c'est noir","14/03/2018"
"Family Guy: Saison 12: Fumer tue","14/03/2018"
"Family Guy: Saison 12: L'héritier de Carter","14/03/2018"
"Family Guy: Saison 12: Thelma et Mouise","14/03/2018"
"BoJack Horseman Christmas Special: Sabrina's Christmas Wish","14/03/2018"
"Zodiac","13/03/2018"
"F is for Family: Saison 2: Scoop à l'atterrissage","13/03/2018"
"F is for Family: Saison 2: Une prière contre la douleur","13/03/2018"
"F is for Family: Saison 2: Tout est arrangé","13/03/2018"
"I, Robot","12/03/2018"
"Shrek","12/03/2018"
"F is for Family: Saison 2: L'engueulade","12/03/2018"
"F is for Family: Saison 2: Ça ne va pas","12/03/2018"
"F is for Family: Saison 2: On a cassé Bill","09/03/2018"
"F is for Family: Saison 2: Travail de nuit","09/03/2018"
"F is for Family: Saison 2: Menteur","08/03/2018"
"F is for Family: Saison 2: La loi de Murphy","07/03/2018"
"Matrix","07/03/2018"
"Bright","04/03/2018"
"Rick et Morty: Saison 3: L'ami de Washington","04/03/2018"
"Prison Break: Saison 1: Route 66","04/03/2018"
"Prison Break: Saison 1: Au cœur de l'enfer [2/2]","04/03/2018"
"Prison Break: Saison 1: Au cœur de l'enfer [1/2]","04/03/2018"
"Prison Break: Saison 1: Le transfert","04/03/2018"
"Prison Break: Saison 1: Alchimie","04/03/2018"
"Rick et Morty: Saison 3: Froopyland","02/03/2018"
"Rick et Morty: Saison 3: Les souvenirs effacés de Morty","02/03/2018"
"Derren Brown: The Push","28/02/2018"
"Rick et Morty: Saison 3: Confusion en Ricklantide","25/02/2018"
"Rick et Morty: Saison 3: Repos et Ricklaxation","22/02/2018"
"Rick et Morty: Saison 3: Conspiration","22/02/2018"
"Rick et Morty: Saison 3: Troisième édition","22/02/2018"
"Rick et Morty: Saison 3: Rick-ornichon","21/02/2018"
"Rick et Morty: Saison 3: À la recherche de la pierre verte","21/02/2018"
"Rick et Morty: Saison 3: À la recherche de Rick","21/02/2018"
"Prison Break: Saison 1: Mise à l'épreuve","16/02/2018"
"Prison Break: Saison 1: Allen","13/02/2018"
"Prison Break: Saison 1: La grande évasion","12/02/2018"
"F is for Family: Saison 2: Jour de luge","11/02/2018"
"F is for Family: Saison 1: Douce miséricorde","11/02/2018"
"F is for Family: Saison 1: Joyeux Halloween !","11/02/2018"
"F is for Family: Saison 1: Le massacre de Suède","11/02/2018"
"When We First Met","09/02/2018"
"BoJack Horseman: Saison 4: Quelle heure il est","08/02/2018"
"BoJack Horseman: Saison 4: La flèche du temps","08/02/2018"
"BoJack Horseman: Saison 4: Super, la vie californienne !","08/02/2018"
"BoJack Horseman: Saison 4: Ruthie","08/02/2018"
"BoJack Horseman: Saison 4: Le juge","08/02/2018"
"BoJack Horseman: Saison 4: Sous terre","06/02/2018"
"En taule : mode d'emploi","06/02/2018"
"BoJack Horseman: Saison 4: Connard de merde","06/02/2018"
"BoJack Horseman: Saison 4: Toutes mes condoléances","06/02/2018"
"BoJack Horseman: Saison 4: Commencez la fracture hydraulique","06/02/2018"
"BoJack Horseman: Saison 4: L'épisode de Todd !","06/02/2018"
"BoJack Horseman: Saison 4: La vieille baraque de Sugarman","06/02/2018"
"BoJack Horseman: Saison 4: M. Peanutbutter candidat","06/02/2018"
"BoJack Horseman: Saison 3: Ça s'est bien passé","06/02/2018"
"BoJack Horseman: Saison 3: Faut pas déconner, mec !","06/02/2018"
"BoJack Horseman: Saison 3: C'est toi","05/02/2018"
"BoJack Horseman: Saison 3: La meilleure chose qui te soit jamais arrivée","05/02/2018"
"BoJack Horseman: Saison 3: Vieille connaissance","05/02/2018"
"BoJack Horseman: Saison 3: Désabonnez-moi !","05/02/2018"
"BoJack Horseman: Saison 3: Tchak-tchak pan-pan","05/02/2018"
"BoJack Horseman: Saison 3: L'amour et/ou le mariage","05/02/2018"
"BoJack Horseman: Saison 3: Comme un poisson hors de l'eau","05/02/2018"
"BoJack Horseman: Saison 3: BoJack tue","05/02/2018"
"BoJack Horseman: Saison 3: La série de BoJack Horseman","05/02/2018"
"BoJack Horseman: Saison 3: Un rêve se réalise","05/02/2018"
"Family Guy: Saison 12: Brian est un mauvais père","05/02/2018"
"Family Guy: Saison 12: Bonne nuit, les petits","05/02/2018"
"Family Guy: Saison 12: Transpalette et érection","05/02/2018"
"Family Guy: Saison 12: Le miracle de Noël","05/02/2018"
"Family Guy: Saison 12: Griffin & Quagmire","05/02/2018"
"Family Guy: Saison 12: Une vie de chien","05/02/2018"
"Family Guy: Saison 12: Parlo italien","05/02/2018"
"Family Guy: Saison 12: La brute","05/02/2018"
"Family Guy: Saison 12: Glenn en peine","05/02/2018"
"Family Guy: Saison 12: Mini-Peter","31/01/2018"
"Family Guy: Saison 12: Tirez la chasse au trésor","31/01/2018"
"Family Guy: Saison 11: La fièvre du Country Club","31/01/2018"
"Black Mirror: Saison 4: USS Callister","30/01/2018"
"Family Guy: Saison 11: Voyages à Las Vegas","28/01/2018"
"Family Guy: Saison 11: Breaking Bide","28/01/2018"
"Family Guy: Saison 11: Y a-t-il un ivrogne pour sauver l'huître ?","28/01/2018"
"Family Guy: Saison 11: Il faut sauver Rupert","28/01/2018"
"Family Guy: Saison 11: Bigfat","28/01/2018"
"Family Guy: Saison 11: 12 hommes dans une poudrière","28/01/2018"
"Family Guy: Saison 11: Le cowboy au turban","26/01/2018"
"Family Guy: Saison 11: Call Girl","26/01/2018"
"Family Guy: Saison 11: Qui vole un œuf, vole un bœuf","26/01/2018"
"Family Guy: Saison 11: Les massacres de la Saint-Valentin","26/01/2018"
"Family Guy: Saison 11: Épouse de seconde main","26/01/2018"
"Family Guy: Saison 11: La pièce de Brian","25/01/2018"
"Family Guy: Saison 11: Le cosmonaze","24/01/2018"
"Family Guy: Saison 11: La bible selon saint Peter","24/01/2018"
"Family Guy: Saison 11: D'amitié et d'eau fraîche","24/01/2018"
"Family Guy: Saison 11: Quand la mère se déchaîne","24/01/2018"
"Family Guy: Saison 11: La vengeance de Joe","24/01/2018"
"Family Guy: Saison 11: 200 épisodes plus tard","24/01/2018"
"Family Guy: Saison 11: AutoReverse","24/01/2018"
"Family Guy: Saison 11: Le vieil homme et le cancer","24/01/2018"
"Family Guy: Saison 11: Peter tout-puissant","23/01/2018"
"Family Guy: Saison 11: Griffin contre Fishman","23/01/2018"
"The Open House","22/01/2018"
